<?xml version="1.0"?>
<!DOCTYPE hibernate-mapping PUBLIC "-//Hibernate/Hibernate Mapping DTD 3.0//EN"
"http://www.hibernate.org/dtd/hibernate-mapping-3.0.dtd">
<!-- Generated Apr 21, 2020 4:38:15 PM by Hibernate Tools 4.3.1 -->
<hibernate-mapping>
    <class name="com.hiber.Counts" table="counts" catalog="transport" optimistic-lock="version">
        <id name="id" type="java.lang.Integer">
            <column name="id" />
            <generator class="identity" />
        </id>
        <property name="city" type="string">
            <column name="city" />
        </property>
        <property name="subcity" type="string">
            <column name="subcity" />
        </property>
        <property name="available" type="string">
            <column name="available" />
        </property>
        <property name="booked" type="string">
            <column name="booked" />
        </property>
        <property name="current" type="string">
            <column name="current" />
        </property>
    </class>
</hibernate-mapping>
