<?xml version="1.0"?>
<!DOCTYPE hibernate-mapping PUBLIC "-//Hibernate/Hibernate Mapping DTD 3.0//EN"
"http://www.hibernate.org/dtd/hibernate-mapping-3.0.dtd">
<!-- Generated Apr 21, 2020 4:38:15 PM by Hibernate Tools 4.3.1 -->
<hibernate-mapping>
    <class name="com.hiber.Register" table="register" catalog="transport" optimistic-lock="version">
        <id name="userId" type="java.lang.Integer">
            <column name="user_id" />
            <generator class="identity" />
        </id>
        <property name="name" type="string">
            <column name="name" />
        </property>
        <property name="email" type="string">
            <column name="email" />
        </property>
        <property name="password" type="string">
            <column name="password" />
        </property>
        <property name="address" type="string">
            <column name="Address" />
        </property>
        <property name="dob" type="string">
            <column name="dob" />
        </property>
    </class>
</hibernate-mapping>
